ID,CAD source,CAD quantity,Provisional class,Source-named PN,Purchased PN,Purchase status,Source links,Instances,Open notes
cad_5d363ea21b12,10x2_Magnet.SLDPRT,6,bought,,,unconfirmed,,10x2_Magnet-1 | 10x2_Magnet-2 | 10x2_Magnet-3 | 10x2_Magnet-4 | 10x2_Magnet-6 | 10x2_Magnet-5,"Modeled count is the active assembly count, not a purchased or final required quantity. | Dimension label comes from CAD basename; magnet grade/coating/polarity/retention and supplier PN are unconfirmed."
cad_8d5f897e6762,16mm_Power_Button.SLDPRT,1,bought,,,unconfirmed,,16mm_Power_Button-1,"Modeled count is the active assembly count, not a purchased or final required quantity."
cad_6d644622411d,180degree_USB_Adapter.SLDPRT,2,bought,,,unconfirmed,,180degree_USB_Adapter-2 | 180degree_USB_Adapter-3,"Modeled count is the active assembly count, not a purchased or final required quantity."
cad_770e1006735b,6x3_Magnet.SLDPRT,14,bought,,,unconfirmed,,6x3_Magnet-3 | 6x3_Magnet-4 | 6x3_Magnet-9 | 6x3_Magnet-10 | 6x3_Magnet-8 | 6x3_Magnet-7 | 6x3_Magnet-13 | 6x3_Magnet-15 | 6x3_Magnet-11 | 6x3_Magnet-12 | 6x3_Magnet-14 | 6x3_Magnet-16 | 6x3_Magnet-1 | 6x3_Magnet-2,"Modeled count is the active assembly count, not a purchased or final required quantity. | Owner requests additional 6 x 3 magnets; extra quantity and final magnet specification remain open. | Dimension label comes from CAD basename; magnet grade/coating/polarity/retention and supplier PN are unconfirmed."
cad_cc9b0a25d7ac,80mm_Fan_Grill.SLDPRT,1,printed,,,unconfirmed,,80mm_Fan_Grill-1,"Modeled count is the active assembly count, not a purchased or final required quantity."
cad_bbb76eda1cce,90718A110_High-Strength Glass-Filled Nylon Plastic Washer.SLDPRT,3,bought,90718A110,,unconfirmed,https://www.mcmaster.com/products/shims/thickness~0-500-mm/thickness~0-5-mm/,90718A110_High-Strength Glass-Filled Nylon Plastic Washer-1 | 90718A110_High-Strength Glass-Filled Nylon Plastic Washer-2 | 90718A110_High-Strength Glass-Filled Nylon Plastic Washer-3,"Modeled count is the active assembly count, not a purchased or final required quantity."
cad_ebda0ab48c7d,92MM_Arctic_PST_FAN.SLDPRT,2,bought,,,unconfirmed,https://www.arctic.de/en/P9-PWM-PST-Black/ACFAN00298A,92MM_Arctic_PST_FAN-1 | 92MM_Arctic_PST_FAN-2,"Modeled count is the active assembly count, not a purchased or final required quantity. | P9 ACFAN00298A is a primary product candidate; generic Arctic PST CAD filename does not prove this purchased SKU."
cad_5a28d4baaf93,92MM_Arctic_PST_Split_Insert.SLDPRT,2,printed,,,unconfirmed,,92MM_Arctic_PST_Split_Insert-2 | 92MM_Arctic_PST_Split_Insert-1,"Modeled count is the active assembly count, not a purchased or final required quantity."
cad_0f109b8e4c7a,93657A009_Nylon Unthreaded Spacer.SLDPRT,3,bought,93657A009,,unconfirmed,https://www.mcmaster.com/products/94639A258/,93657A009_Nylon Unthreaded Spacer-2 | 93657A009_Nylon Unthreaded Spacer-1 | 93657A009_Nylon Unthreaded Spacer-3,"Modeled count is the active assembly count, not a purchased or final required quantity."
cad_e4d8bb1694b8,93886A220_Reinforced Plastic Knurled-Head Thumb Nut.SLDPRT,3,bought,93886A220,,unconfirmed,https://www.mcmaster.com/products/knurled-thumb-screw-nuts/,93886A220_Reinforced Plastic Knurled-Head Thumb Nut-2 | 93886A220_Reinforced Plastic Knurled-Head Thumb Nut-1 | 93886A220_Reinforced Plastic Knurled-Head Thumb Nut-3,"Modeled count is the active assembly count, not a purchased or final required quantity."
cad_dc7f205830dd,94180A333_Brass Tapered Heat-Set Inserts for Plastic.SLDPRT,8,bought,94180A333,,unconfirmed,https://www.mcmaster.com/products/ultrasonic-inserts/,94180A333_Brass Tapered Heat-Set Inserts for Plastic-1 | 94180A333_Brass Tapered Heat-Set Inserts for Plastic-5 | 94180A333_Brass Tapered Heat-Set Inserts for Plastic-6 | 94180A333_Brass Tapered Heat-Set Inserts for Plastic-4 | 94180A333_Brass Tapered Heat-Set Inserts for Plastic-3 | 94180A333_Brass Tapered Heat-Set Inserts for Plastic-8 | 94180A333_Brass Tapered Heat-Set Inserts for Plastic-2 | 94180A333_Brass Tapered Heat-Set Inserts for Plastic-7,"Modeled count is the active assembly count, not a purchased or final required quantity. | Owner states modeled heat-set inserts may not be final; final PN, dimensions, holes and quantity remain open."
cad_4b6ba0b506c2,Apevia_500_SFX.SLDPRT,1,bought,,,unconfirmed,,Apevia_500_SFX-1,"Modeled count is the active assembly count, not a purchased or final required quantity."
cad_0af6f34f1220,Backbone.SLDPRT,1,custom,,,unconfirmed,,Backbone-1,"Modeled count is the active assembly count, not a purchased or final required quantity. | Sheet-metal manufacture is owner-confirmed; exact alloy, thickness, fabrication source and final drawing remain open."
cad_e99f1dd5efea,bc250_after_heatsink_mod.step.SLDPRT,1,custom,,,unconfirmed,,bc250_after_heatsink_mod.step-3,"Modeled count is the active assembly count, not a purchased or final required quantity. | Custom/modified geometry; source assembly instance is not a retail part number. Fabrication process and final revision remain unconfirmed."
cad_4dd575723499,bc250_am4_adapter_mount_v1.SLDPRT,1,custom,,,unconfirmed,,bc250_am4_adapter_mount_v1-1,"Modeled count is the active assembly count, not a purchased or final required quantity. | Custom/modified geometry; source assembly instance is not a retail part number. Fabrication process and final revision remain unconfirmed. | Decompose the imported subassembly into fabricated parts and required hardware; reconcile against top-level washers, spacers and thumb nuts to avoid double-counting. Modeled component count remains one."
cad_3f9bb53cd308,Dual_92MM_FAN_Shroud.SLDPRT,1,printed,,,unconfirmed,,Dual_92MM_FAN_Shroud-1,"Modeled count is the active assembly count, not a purchased or final required quantity."
cad_69b1461d44c0,ESP32-P4-5_0-inch-20251230.stp.SLDPRT,1,bought,,,unconfirmed,https://www.elecrow.com/crowpanel-advanced-5inch-esp32-p4-hmi-ai-display-800x480-ips-touch-screen-with-wifi-6.html,ESP32-P4-5_0-inch-20251230.stp-2,"Modeled count is the active assembly count, not a purchased or final required quantity. | Elecrow model identity supported; exact physical revision/options, GPIO harness and mounting fit need confirmation."
cad_7190ca57490e,Front_Cover.SLDPRT,1,printed,,,unconfirmed,,Front_Cover-1,"Modeled count is the active assembly count, not a purchased or final required quantity."
cad_57be749e2d42,Left_Apron.SLDPRT,1,printed,,,unconfirmed,,Left_Apron-1,"Modeled count is the active assembly count, not a purchased or final required quantity."
cad_8c980fa3a192,M2_Splitter.SLDPRT,1,bought,,,unconfirmed,,M2_Splitter-1,"Modeled count is the active assembly count, not a purchased or final required quantity."
cad_d2362404ca8e,M3x16_91294A134_Black-Oxide Alloy Steel Hex Drive Flat Head Screw.SLDPRT,3,bought,91294A134,,unconfirmed,https://www.mcmaster.com/products/flat-head-screws/specifications-met~din-7991/,M3x16_91294A134_Black-Oxide Alloy Steel Hex Drive Flat Head Screw-1 | M3x16_91294A134_Black-Oxide Alloy Steel Hex Drive Flat Head Screw-2 | M3x16_91294A134_Black-Oxide Alloy Steel Hex Drive Flat Head Screw-3,"Modeled count is the active assembly count, not a purchased or final required quantity. | Owner requests different M3 countersunk bolts; replacement PN, length, head geometry and final quantity remain open."
cad_c7528557a862,M3x45_91420A138_Steel Phillips Flat Head Screws.SLDPRT,8,bought,91420A138,,unconfirmed,https://www.mcmaster.com/91420A138/,M3x45_91420A138_Steel Phillips Flat Head Screws-5 | M3x45_91420A138_Steel Phillips Flat Head Screws-1 | M3x45_91420A138_Steel Phillips Flat Head Screws-2 | M3x45_91420A138_Steel Phillips Flat Head Screws-3 | M3x45_91420A138_Steel Phillips Flat Head Screws-4 | M3x45_91420A138_Steel Phillips Flat Head Screws-8 | M3x45_91420A138_Steel Phillips Flat Head Screws-6 | M3x45_91420A138_Steel Phillips Flat Head Screws-7,"Modeled count is the active assembly count, not a purchased or final required quantity. | Owner requests different M3 countersunk bolts; replacement PN, length, head geometry and final quantity remain open."
cad_6ab458265e62,PanelMnt_SMA_Antenna_Cable.SLDPRT,2,bought,,,unconfirmed,,PanelMnt_SMA_Antenna_Cable-2 | PanelMnt_SMA_Antenna_Cable-1,"Modeled count is the active assembly count, not a purchased or final required quantity."
cad_001439195b30,rainbow-matchstick-diffuser.SLDPRT,2,printed,,,unconfirmed,,rainbow-matchstick-diffuser-2 | rainbow-matchstick-diffuser-1,"Modeled count is the active assembly count, not a purchased or final required quantity."
cad_a2d7b506c6d9,Rainbow_Matchstick.step.SLDPRT,2,bought,,,unconfirmed,https://github.com/VoronDesign/Voron-Hardware/tree/master/Daylight/Rainbow_on_a_matchstick,Rainbow_Matchstick.step-5 | Rainbow_Matchstick.step-4,"Modeled count is the active assembly count, not a purchased or final required quantity. | Chosen positions exist in CAD, but mounting, connectors, harness, display output and power/current budget are unresolved."
cad_e6f58f0613fe,Rear_Cover_Whole.SLDPRT,1,printed,,,unconfirmed,,Rear_Cover_Whole-1,"Modeled count is the active assembly count, not a purchased or final required quantity."
cad_3cf2ecf0674e,Right_Apron.SLDPRT,1,printed,,,unconfirmed,,Right_Apron-1,"Modeled count is the active assembly count, not a purchased or final required quantity."
cad_f49a6b79ecc5,snowman_mc75-8_heatsink_v1.SLDPRT,1,bought,,,unconfirmed,,snowman_mc75-8_heatsink_v1-1,"Modeled count is the active assembly count, not a purchased or final required quantity."
cad_35bc922ba3c7,Speaker.SLDPRT,2,bought,,,unconfirmed,,Speaker-2 | Speaker-1,"Modeled count is the active assembly count, not a purchased or final required quantity."
cad_a3f594caf952,SSD_M2_2230.SLDPRT,2,bought,,,unconfirmed,,SSD_M2_2230-1 | SSD_M2_2230-2,"Modeled count is the active assembly count, not a purchased or final required quantity."
cad_124f6fc1c790,SSD_M2_2280.SLDPRT,1,bought,,,unconfirmed,,SSD_M2_2280-1,"Modeled count is the active assembly count, not a purchased or final required quantity."
cad_5429a83cd569,Stubby_SMA_Wifi_Antenna.SLDPRT,2,bought,,,unconfirmed,,Stubby_SMA_Wifi_Antenna-1 | Stubby_SMA_Wifi_Antenna-2,"Modeled count is the active assembly count, not a purchased or final required quantity."
cad_6e2a9d87d639,Top_Cover.SLDPRT,1,printed,,,unconfirmed,,Top_Cover-2,"Modeled count is the active assembly count, not a purchased or final required quantity."
cad_8a5caa14b72d,USB_Hub.SLDPRT,1,bought,,,unconfirmed,,USB_Hub-1,"Modeled count is the active assembly count, not a purchased or final required quantity."
