Proposal ID,Item,Role,Kind,Owner proposed quantity,Unit,Quantity basis,Proposed specification,Related CAD IDs / modeled counts,Reconciliation status,Family arithmetic only,Final quantity,Purchased quantity,Purchased PN,Open notes
proposal_heatsets_fan_inserts,Fan-insert heat-set inserts,Four in each of two 92 mm fan inserts,hardware,8,piece,explicit_owner_quantity,"{""thread"": ""M3 candidate; final insert selection open"", ""per_insert"": 4, ""insert_count"": 2}",cad_dc7f205830dd: 8 | cad_5a28d4baaf93: 2,owner_count_matches_candidate_cad_family,0,,,,"Owner scope explicitly establishes eight. The CAD has eight 94180A333-named heatsets, but source-named PN is not a final purchased selection. | Verify insert geometry, thread, plastic hole/installation fit and screw engagement before ordering."
proposal_heatsets_filter_mounts,Future fan-filter mount heat-set inserts,Filter mounts not yet designed,hardware,4,piece,explicit_owner_quantity,"{""thread"": ""not finalized"", ""mount_design"": ""absent/unresolved""}",cad_dc7f205830dd: 8,additional_proposed_allocation_not_modeled_as_filter_mounts,,,,,"Separate proposed allocation of four; do not allocate the same eight modeled inserts twice. | The additional filter mounts, insert selection and joints require design. Aggregate proposal is twelve inserts versus eight modeled, a planning difference of four only."
proposal_fan_filter_mounts,Printed fan-filter mounts,Bottom of backbone,custom_part,,piece,not_specified,"{""design_status"": ""not yet designed""}",,no_separately_named_cad_row,,,,,Number of mount pieces and all mount-to-backbone fastener quantities remain unstated. | Four proposed filter heatsets do not establish four physical mounts.
proposal_magnets_6x3,6 x 3 magnets in printed parts,Magnetic cover/apron retention,hardware,,piece,not_specified,"{""owner_size_label_mm"": ""6x3""}",cad_770e1006735b: 14,related_cad_rows_require_role_and_spec_confirmation,,,,,"Owner gives no total quantity or distribution. Keep the fourteen actual modeled instances unchanged; do not use maximum suffix 16 as a count. | Extra magnets were an earlier owner open item; supplier grade/coating/polarity, hole fit and retention remain open."
proposal_magnets_10x2,10 x 2 magnets in printed parts,Magnetic retention,hardware,,piece,not_specified,"{""owner_size_label_mm"": ""10x2""}",cad_5d363ea21b12: 6,related_cad_rows_require_role_and_spec_confirmation,,,,,Owner gives no total quantity or distribution. Keep six modeled instances unchanged. | The source name does not establish that these six are the six threaded magnets later requested.
proposal_threaded_magnets,Threaded magnets on backbone,Rear-cover magnetic retention,hardware,6,piece,explicit_owner_quantity,"{""thread"": ""M3 requested in earlier owner open item; exact purchased thread and body dimensions unconfirmed"", ""body_size_mm"": null}",cad_5d363ea21b12: 6,threaded_identity_and_cad_role_unresolved,,,,,"Six is an owner-proposed requirement, not six verified additional purchases. | The six generic 10x2 modeled magnets are not proof of six threaded magnets; distinguish by actual drawings and purchased revision before replacing or adding rows. | Exact size, polarity, thread depth and countersunk attachment geometry remain open."
proposal_threaded_magnet_fasteners,Countersunk bolts for threaded magnets,Front of backbone into rear threaded magnets,hardware,,piece,not_specified,"{""head"": ""countersunk"", ""thread"": null, ""length_mm"": null}",,no_separately_named_cad_row,,,,,"Six threaded magnets do not authorize inventing an explicit bolt quantity in this reconciliation. | Check exact magnet thread, depth, countersink, sheet thickness and clearance."
proposal_bc250_spacers,6 mm BC250 spacers,Three board mounting positions,hardware,3,piece,explicit_owner_quantity,"{""length_mm"": 6, ""threaded_or_unthreaded"": ""unresolved""}",cad_0f109b8e4c7a: 3 | cad_d2362404ca8e: 3 | cad_e4d8bb1694b8: 3,count_matches_but_joint_and_spacer_type_unresolved,0,,,,"Three modeled 93657A009 parts are explicitly Nylon Unthreaded Spacer with a 6 mm local envelope. | Owner proposes rear countersunk bolts plus separate front M3x8 screws. Resolve the complete joint stack and where each screw engages; do not silently treat an unthreaded spacer as a threaded standoff. | Final material, insulation, length, screw thread engagement and stand-off clearance need confirmation."
proposal_bc250_spacer_rear_bolts,Rear countersunk bolts for BC250 spacer joint,Rear of backbone,hardware,,piece,not_specified,"{""head"": ""countersunk"", ""thread"": null, ""length_mm"": null}",cad_d2362404ca8e: 3,related_cad_rows_require_role_and_spec_confirmation,,,,,Owner gives three spacer positions but does not state rear-bolt quantity or length. | Determine the complete spacer/bolt/nut arrangement without double-counting existing M3x16 screws and thumb nuts.
proposal_bc250_mount_m3x8,BC250-to-spacer screws,Board attachment to three 6 mm spacers,hardware,3,piece,explicit_owner_quantity,"{""thread"": ""M3"", ""length_mm"": 8, ""head"": ""not specified""}",cad_0f109b8e4c7a: 3 | cad_d2362404ca8e: 3,new_specification_needs_joint_reconciliation,,,,,"Root task explicitly clarifies three M3x8 screws. No separately named M3x8 row is present in the top-level CAD BOM. | Verify engagement, protrusion, electrical insulation and whether the spacer joint is threaded; do not silently replace three modeled M3x16 screws."
proposal_fan_shroud_m3x45,Fan/shroud countersunk screws,Eight fan holes,hardware,8,piece,explicit_owner_quantity,"{""thread"": ""M3"", ""length_mm"": 45, ""head"": ""countersunk""}",cad_c7528557a862: 8,owner_count_and_nominal_size_match_cad,0,,,,"Owner specifies all eight holes. CAD contains eight M3x45 91420A138-named screws. | This verifies quantity/name correspondence only; head standard, chosen replacement SKU, length through the stack and heatset engagement are not physically validated."
proposal_psu_mount_candidate,PSU mounting screws: M3x8 candidate OR supplied screws,Apevia 500 W SFX to backbone,hardware,4,piece,explicit_owner_quantity,"{""candidate_thread"": ""M3"", ""candidate_length_mm"": 8, ""candidate_head"": ""countersunk"", ""alternative"": ""screws supplied with exact PSU"", ""actual_psu_thread"": null}",cad_4b6ba0b506c2: 1,owner_count_known_psu_thread_and_screw_spec_unconfirmed,,,,,"Do not approve M3 based on this proposal. Actual Apevia SKU, housing thread and allowable screw penetration are unverified. | Four candidate screws and four supplied screws are alternatives, not eight required screws. | No separately named M3x8 row exists in the baseline."
proposal_psu,Apevia 500 W SFX PSU,Primary power supply,hardware,1,piece,explicit_owner_quantity,"{""owner_brand"": ""Apevia"", ""power_w"": 500, ""form_factor"": ""SFX"", ""exact_sku"": null}",cad_4b6ba0b506c2: 1,related_cad_rows_require_role_and_spec_confirmation,,,,,"CAD name and owner description correspond, but exact purchased model/revision and supplied hardware remain unconfirmed. | Apevia selection does not establish compatibility with the Mosfet.Party FSP500-30AS plug-and-play variant."
proposal_iec_90_adapter,90 degree IEC adapter,"PSU inlet, facing rear as proposed",hardware,1,piece,explicit_singular_owner_item,"{""angle_degrees"": 90, ""connector_standard"": null, ""current_voltage_rating"": null}",,no_separately_named_cad_row,,,,,"A single adapter is proposed. Confirm exact PSU inlet, orientation, earth continuity, rating, clearance and retention; no exact PN or separately named CAD row is established."
proposal_fans_92,92 mm fans,Two shroud fans,hardware,2,piece,explicit_owner_quantity,"{""nominal_size_mm"": 92, ""exact_sku"": null}",cad_ebda0ab48c7d: 2,related_cad_rows_require_role_and_spec_confirmation,,,,,"Two owner fan cables correspond to two modeled 92MM_Arctic_PST_FAN instances. | P9 ACFAN00298A is a manufacturer-supported candidate, not a confirmed purchased identity. Airflow direction and final wiring require physical checks."
proposal_fan_120,120 mm fan,Third fan connected to splitter,hardware,1,piece,explicit_owner_quantity,"{""nominal_size_mm"": 120, ""exact_sku"": null, ""thickness_mm"": null}",cad_f49a6b79ecc5: 1,owner_quantity_known_exact_fan_and_overlap_unresolved,,,,,"Owner specifies one 120 mm fan. P12 Slim PWM PST remains a candidate, not a final selection. | Check whether the cooler's 79-body CAD component represents/bundles the same fan before counting an additional purchased fan. | Fan mounting, current, airflow, blade clearance and retention remain open."
proposal_fan_splitter_3_to_1,Three-to-one fan splitter,Two 92 mm fans plus one 120 mm fan to CPU FAN,hardware,1,piece,explicit_singular_owner_item,"{""fan_outputs"": 3, ""board_input"": ""CPU FAN as owner-proposed"", ""part_number"": null}",cad_5a28d4baaf93: 2,no_electrical_splitter_row_and_electrical_limits_open,,,,,"The printed 92MM_Arctic_PST_Split_Insert is not an electrical fan splitter. The M2_Splitter is also unrelated. | Verify BC250 header pinout/rating, all actual fan startup/current labels, splitter power/PWM/tach implementation and one appropriate tach return before approval. | Conditional two P9 plus one P12 Slim manufacturer-listed running current is 0.36 A; that arithmetic does not establish header safety."
proposal_stock_heatsink_screws_remove,Original stock heatsink screws removed and retained,Handling of existing BC250 hardware,reused_hardware,8,piece,explicit_owner_quantity,"{""original_thread_length"": null}",cad_e99f1dd5efea: 1,owner_retained_hardware_count_only,,,,,"Owner says eight; creator exact instructions are not independently confirmed here. This is a retained-hardware handling count, not a new purchase requirement. | Do not overwrite this owner-specific count with a generic guide's different count."
proposal_stock_outer_sink_screws_reuse,Original screws reused for outer heatsink sections,Two outer stock sink sections,reused_hardware,4,piece,explicit_owner_quantity,"{""springs"": ""removed as owner-proposed"", ""actual_thread_length"": null}",cad_e99f1dd5efea: 1,subset_of_retained_eight_not_new_purchase,,,,,"These four are a subset of the eight retained screws, not four extra new screws. Remaining retained screw uses are not established. | Confirm actual stock screw engagement, retention and PCB load; no creator-verifiable screw/thread data was obtained."
proposal_stock_outer_sink_washers,M3 washers behind PCB for outer sink sections,Four reused stock-screw positions,hardware,4,piece,explicit_owner_quantity,"{""nominal_screw_size"": ""M3"", ""material"": null, ""outer_diameter_mm"": null, ""thickness_mm"": null}",cad_bbb76eda1cce: 3,owner_four_vs_modeled_three_role_unresolved,1,,,,"Four is the owner proposal; only three 90718A110-named glass-filled nylon washers are separately modeled. | Arithmetic difference is one at washer-family level only. Their CAD role may differ; no purchased increment or PN equivalence is established. | Confirm electrical insulation, dimensions, hardware-stack pressure and locations before reusing the modeled washer SKU."
proposal_rear_sink_adapter_m3,M3 screws for rear center heatsink through cooler adapter,Rear VRAM sink attachment,hardware,,piece,not_specified,"{""thread"": ""M3 proposed"", ""length_mm"": null, ""head"": null}",cad_4dd575723499: 1,related_cad_rows_require_role_and_spec_confirmation,,,,,"Quantity and length are not stated; no count is invented from a figure or imported bodies. | Adapter component contains nineteen exported bodies. Decompose fabricated parts and embedded hardware, checking existing top-level screws, washers, spacers and thumb nuts to avoid double-counting. | Confirm stock sink thread, engagement and PCB pressure; exact creator screw/thread instructions remain unconfirmed."
proposal_cooler_mount_hardware,Cooler's stainless mounting hardware,APU cooler to AM4 adapter,hardware,,piece,not_specified,"{""owner_material_description"": ""stainless mounts"", ""interface"": ""exact cooler/adapter revision unconfirmed""}",cad_f49a6b79ecc5: 1 | cad_4dd575723499: 1,related_cad_rows_require_role_and_spec_confirmation,,,,,"Owner states use of the cooler's mounts but gives no quantity, screw length, thread, bracket revision or tightening specification. | Creator explicitly tested only one heatsink; generic AM4 identity does not certify all cooler hardware. | Separate bundled hardware from new purchases during adapter sub-BOM decomposition."
proposal_utp6_front,Upsiren UTP-6 thermal putty: front components,Outer sink contact regions,consumable,,gram,not_specified,"{""owner_brand_product"": ""Upsiren UTP-6"", ""initial_deposit_height_mm"": 4, ""compressed_gap_mm"": null, ""coverage_map"": ""record actual original contact regions""}",,no_separately_named_cad_row,,,,,"Four millimetres is an initial deposit before compression, not a measured final gap or bondline. | Mass, volume, exact coverage, compatibility, pressure and final contact are unconfirmed. No dose is invented."
proposal_utp6_rear,Upsiren UTP-6 thermal putty: rear VRAM,Rear VRAM to reused center sink,consumable,,gram,not_specified,"{""initial_ball_height_mm"": 6, ""initial_ball_count"": null, ""initial_rule"": ""one per actual VRAM module"", ""compressed_gap_mm"": null}",,no_separately_named_cad_row,,,,,"Six millimetres is initial ball height before compression. Owner provides no chip count; no number of balls or mass is inferred. | Measure/validate final contact, sink clearance and pressure before a final material quantity or installation procedure."
proposal_mx6_apu,Arctic MX-6 thermal paste,APU interface,consumable,,gram,not_specified,"{""owner_product_recommendation"": ""Arctic MX-6"", ""dose_g"": null}",,no_separately_named_cad_row,,,,,Owner recommendation only; selected pack size and application dose are unstated. Do not substitute thermal putty at the APU interface based on these rows.
proposal_ipa,99% IPA,Thermal interface cleaning,consumable,,millilitre,not_specified,"{""owner_concentration_percent"": 99}",,no_separately_named_cad_row,,,,,"No volume, procedure approval or final material compatibility is established."
proposal_microfiber,Soft microfiber cloth,Owner-proposed APU cleaning,consumable,,piece,not_specified,{},,no_separately_named_cad_row,,,,,No explicit quantity or validated cleaning method is supplied.
proposal_microsd,Display microSD card,Display assets,hardware,1,piece,explicit_singular_owner_item,"{""owner_capacity_text"": ""16-32GB minimum"", ""selected_capacity_gb"": null, ""filesystem"": null, ""speed_class"": null}",,no_separately_named_cad_row,,,,,"Single card is stated. Preserve the owner's ambiguous capacity phrase; do not silently turn it into a confirmed upper limit or format requirement. | Confirm exact firmware/file layout, card compatibility and selected capacity separately."
proposal_display_usb_90,90 degree USB cable to display UART0,Host display connection,hardware,1,piece,explicit_singular_owner_item,"{""angle_degrees"": 90, ""owner_destination_label"": ""UART0"", ""exact_connector_and_orientation"": null}",cad_69b1461d44c0: 1 | cad_6d644622411d: 2,no_exact_90_degree_cable_row,,,,,"A cable is proposed, not one of the two modeled 180 degree USB adapters. | Confirm physical connector, power/data routing, length and bend direction on exact display revision; UART0 alone is not a cable PN."
proposal_led_boards,Left and right Matchstick LED boards,"Owner's left-first, right-second chain intent",hardware,2,piece,owner_describes_left_and_right_boards,"{""owner_chain_intent"": [""left"", ""right""], ""validated_din_dout_orientation"": null}",cad_a2d7b506c6d9: 2,related_cad_rows_require_role_and_spec_confirmation,,,,,"Two native CAD Matchstick boards remain two; no new board geometry is proposed here. | Physical top/bottom is not proof of DIN/DOUT. Exact purchased revision, voltage, pin order, logic and chain orientation still need validation. | Manual figure callout numbers are component identifiers and do not determine the electrical chain order."
proposal_led_diffusers,Matchstick diffusers,Covers on LED boards,hardware,,piece,not_specified,"{""exact_revision"": null}",cad_001439195b30: 2,related_cad_rows_require_role_and_spec_confirmation,,,,,Two diffusers are modeled. Owner gives no separate purchase/fabrication count or final mounting specification in this paragraph.
proposal_led_mounts,LED mounts/brackets,Support two Matchsticks at chosen positions,custom_part,,piece,not_specified,"{""design_status"": ""mounting unresolved""}",,no_separately_named_cad_row,,,,,"No mount piece count or final manufactured design is given. LED positions are chosen, but support has not been validated. | Reference PCB two M3-capable plated-ground holes and outline data are design references, not a purchased-revision pinout/mount approval. | Do not clamp LED faces or rely on connector cables for support. Check case clearance and removable support concept."
proposal_led_board_mount_m3,M3 screws for Matchstick/diffuser to mounts,LED assembly attachment,hardware,,piece,not_specified,"{""thread"": ""M3 proposed"", ""length_mm"": null, ""head"": null}",cad_a2d7b506c6d9: 2 | cad_001439195b30: 2,related_cad_rows_require_role_and_spec_confirmation,,,,,"Owner does not state quantity; two reference PCB holes per board are not a final fastener count. | Confirm exact hole revision, plated-ground contact, electrical isolation if needed, standoff stack and diffuser clearance."
proposal_led_mount_backbone_bolts,Bolts for LED mounts to backbone,Bracket attachment,hardware,,piece,not_specified,"{""thread"": null, ""length_mm"": null, ""head"": null}",,no_separately_named_cad_row,,,,,"Count and size are unspecified. No holes, anchors or hardware are fabricated by this report."
proposal_led_control_harness,Display-to-first Matchstick control harness,Display to left bar as proposed,hardware,1,piece,explicit_singular_owner_item,"{""owner_display_connector"": ""*connector (unresolved)"", ""owner_bar_end"": ""top of left bar"", ""verified_pins"": null}",,no_separately_named_cad_row,,,,,"One cable is described, but pinout/connector PN, length, voltage, current and logic conversion remain open. | Reference-design 2.50 versus 2.54 mm discrepancy and reference pin-order evidence must remain reference-only; do not assert final purchased-board pinout. | The source-defined auxiliary twenty RGB LEDs and fixed white ring are distinct controls; no firmware change is implied."
proposal_led_interbar_harness,First-to-second Matchstick bridge harness,Left bottom under PCB to right bottom as proposed,hardware,1,piece,explicit_singular_owner_item,"{""owner_routing_description"": ""under PCB around bottom of rear center sink"", ""validated_route"": false, ""verified_din_dout_pins"": null}",,no_separately_named_cad_row,,,,,One bridge wire is described. Route remains owner intent rather than a modeled/clearance-checked cable path. | Bottom-to-bottom must not be treated as DOUT-to-DIN until the exact board orientation and purchased pinout are inspected.
proposal_speakers,Speakers,One in each side apron,hardware,2,piece,one_per_two_aprons,"{""model_impedance_power"": null, ""connector"": null}",cad_35bc922ba3c7: 2,related_cad_rows_require_role_and_spec_confirmation,,,,,Two owner-described speakers correspond to two generic modeled Speaker instances; electrical ratings and exact display outputs/connectors remain open.
proposal_power_button,Power button,Left apron,hardware,1,piece,explicit_singular_owner_item,"{""exact_contact_illumination_spec"": null}",cad_8d5f897e6762: 1,related_cad_rows_require_role_and_spec_confirmation,,,,,"One modeled 16 mm button is generic; PS_ON adapter type, contact wiring and any illumination are unconfirmed."
proposal_usb_hub,USB hub,Right apron,hardware,1,piece,explicit_singular_owner_item,"{""exact_model"": null}",cad_8a5caa14b72d: 1,related_cad_rows_require_role_and_spec_confirmation,,,,,One modeled generic hub; power/data cable and interface remain unconfirmed.
proposal_ps_on_adapter,Mosfet.Party PS_ON adapter,Power button/PSU control,hardware,1,piece,explicit_singular_owner_item,"{""exact_variant"": null, ""owner_ground_extension"": ""proposed cut/solder extension"", ""purchased_board_pinout"": null}",,no_separately_named_cad_row,,,,,"The selected Apevia PSU does not establish the FSP500-30AS plug-and-play variant. Resolve button/header/Lite/prewired choice using the exact PSU and official revision. | Ground pin, solder/strain relief, insulation and retention need verified source and physical checks; this row authorizes no cutting or connection."
proposal_eps_adapter,Mosfet.Party power adapter (EPS intent),BC250 power input conversion,hardware,1,piece,explicit_singular_owner_item,"{""owner_literal_name"": ""esp adapter"", ""interpreted_intent"": ""EPS power adapter; exact revision not confirmed""}",,no_separately_named_cad_row,,,,,"Retain the owner's original naming and mark the EPS interpretation. Do not invent the purchased adapter PN. | Parent official-source review requires CPU 8-pin into the EPS adapter and PCIe 8-pin into the onboard BC250 connector; these are not interchangeable. | No installation, soldering or power test is performed by this report."
proposal_ps_on_ground_extension,PS_ON ground extension wire and insulation/strain relief,Under-PCB control connection,hardware,,piece,not_specified,"{""wire_length_gauge_connector"": null}",,no_separately_named_cad_row,,,,,"Exact wire length/gauge, terminal, insulation and retention hardware quantities are not specified. Do not infer an approved PCB ground pin or cable route."
proposal_hot_glue,Hot glue as owner-proposed retention,Ground connection retention,consumable,,gram,not_specified,"{""amount"": ""small amount per owner"", ""validated_retention_method"": false}",,no_separately_named_cad_row,,,,,"No mass, temperature rating, material selection or validation is supplied; it does not substitute for suitable electrical/strain-relief design."
proposal_nvme_extension,NVMe extension cable/assembly,Existing OS NVMe moved from BC250 to remote mount,hardware,1,piece,explicit_singular_owner_item,"{""length_form_factor_connector"": null}",,no_separately_named_cad_row,,,,,"The extension is a distinct product from the M.2 splitter. Exact electrical lanes, drive compatibility, bend radius, retention and clearance remain open. | Owner loop and 90 degree bend are routing intent, not validated cable geometry."
proposal_nvme_extension_plate,NVMe extension plate,Extension assembly to NVMe mount,custom_or_bundled_part_unresolved,1,piece,explicit_singular_owner_item,"{""exact_design"": null}",,no_separately_named_cad_row,,,,,Owner names a plate but no separately named plate CAD row exists. It may be part of an extension product; no fabrication or purchased identity is assumed.
proposal_nvme_mount,NVMe mount,Bottom of backbone,custom_part,1,piece,explicit_singular_owner_item,"{""exact_design"": null}",,no_separately_named_cad_row,,,,,"No separately named NVMe mount row exists. The nineteen-body AM4 cooler adapter is not this NVMe mount. | Confirm physical design, attachment, drive retention and access before final BOM."
proposal_nvme_plate_m3,M3 screws: extension plate to NVMe mount,First NVMe joint,hardware,4,piece,explicit_owner_quantity,"{""thread"": ""M3"", ""length_mm"": null, ""head"": null}",,no_separately_named_cad_row,,,,,"Four explicitly proposed. Length, head, nut/insert requirements and final joint are unstated; no exact matching top-level screw row is established."
proposal_nvme_mount_backbone_m3,M3 screws: NVMe mount to backbone,"Second NVMe joint, initially loose",hardware,4,piece,explicit_owner_quantity,"{""thread"": ""M3"", ""length_mm"": null, ""head"": null, ""owner_initial_state"": ""loose until wiring arranged""}",,no_separately_named_cad_row,,,,,"Separate set of four explicitly proposed; not the same four as the plate joint. No length/head/retention is specified. | Final tightening, access, PCB clearance and thread engagement remain unvalidated."
proposal_os_nvme_reuse,Same OS NVMe reused after installation,Direct-board installation then extension location,existing_device_reuse,1,piece,explicit_same_owner_device,"{""capacity_form_factor"": null, ""same_device_across_steps"": true}",cad_124f6fc1c790: 1 | cad_a3f594caf952: 2,reuse_does_not_change_three_modeled_ssds,,,,,"The OS drive in the first and later steps is the same owner-described device, not two purchases. | Baseline remains one 2280 plus two 2230 modeled drives. Their actual purchased identities and use roles remain unconfirmed; do not reduce three CAD instances or select one silently."
proposal_wifi7_m2,Wi-Fi 7 M.2 board,Owner's rear splitter slot,hardware,1,piece,explicit_singular_owner_item,"{""exact_part_number"": null, ""electrical_key_interface"": null}",,no_separately_named_cad_row,,,,,"Single board is stated, but no separately named wireless card row establishes its purchased identity. | Confirm PCIe/USB interfaces, keying, exact splitter slot support and antennas; filename or generic splitter geometry cannot prove Wi-Fi 7 compatibility."
proposal_m2_splitter,M.2/NVMe splitter,BC250 M.2 slot feeding Wi-Fi and NVMe extension,hardware,1,piece,explicit_singular_owner_item,"{""exact_part_number"": null, ""lane_keying_slot_support"": null}",cad_8c980fa3a192: 1,related_cad_rows_require_role_and_spec_confirmation,,,,,One generic M2_Splitter is modeled. It does not confirm an electrical bifurcation/switching design or wireless-card support. | Owner's front/back slot description is unverified for the exact purchased board.
proposal_wifi_antennas_and_cables,Wi-Fi antennas and panel-mount cables,Rear cover RF connections,hardware,,piece,not_specified,"{""connector_polarity_cable_loss"": null}",cad_5429a83cd569: 2 | cad_6ab458265e62: 2,related_cad_rows_require_role_and_spec_confirmation,,,,,"Two stubby antennas and two panel-mount cables are modeled; owner paragraph gives no new total or extra quantity. | Confirm exact wireless module connector, frequency support and SMA/RP-SMA identity before declaring compatible."
proposal_usb_extensions_alternative,USB extension cables (alternative),Display and hub host connections,hardware,,piece,not_specified,"{""alternative_group"": ""usb_host_extension_choice"", ""alternative_to"": ""proposal_usb_180_alternative"", ""length_connector_rating"": null}",,no_separately_named_cad_row,,,,,"Owner proposes extension cables OR 180 degree adapters; do not add both alternatives as mandatory quantities. | Display/hub port assignments are owner intent, not verified USB topology or exact port pinout. Cable quantities and specifications remain unstated."
proposal_usb_180_alternative,180 degree USB adapters (alternative),Display and hub host connections,hardware,,piece,not_specified,"{""alternative_group"": ""usb_host_extension_choice"", ""alternative_to"": ""proposal_usb_extensions_alternative""}",cad_6d644622411d: 2,related_cad_rows_require_role_and_spec_confirmation,,,,,"Two adapters are modeled, but owner does not state a final required adapter count. Preserve two CAD instances; chosen alternative and exact orientation remain open."
proposal_zip_ties,Zip ties,Excess PSU and signal wiring management,hardware,,piece,not_specified,"{""locations"": ""unresolved"", ""keep_clear"": ""fan-to-sink-to-top airflow path""}",,no_separately_named_cad_row,,,,,"No quantity, size, anchors, routing or tension are specified. Do not invent physical tie points from rendered illustrations. | Check insulation, connector strain relief, service access, sharp-edge contact, fan/blade clearance and airflow in physical assembly."
proposal_cable_retention_mounts,Cable anchors/tie points/harness retention,Prior owner open item; supports wiring management,custom_or_bought_unresolved,,piece,not_specified,"{""design_status"": ""unresolved"", ""validated_locations"": null}",,no_separately_named_cad_row,,,,,"No fabricated mount, anchor quantity or installed location is established. Keep this as a design dependency, not a modeled/finished feature."
proposal_fan_filter_media,Fan filter/media,Future filter mount system,hardware,,piece,not_specified,"{""size_material"": null}",,no_separately_named_cad_row,,,,,"Mount heatset count does not establish filter count, material, fasteners or finished airflow performance."
proposal_installer_usb_drive,USB installer drive,Owner's selected Bazzite setup workflow,hardware,1,piece,explicit_singular_owner_item,"{""capacity"": null, ""workflow"": ""parent source review; no commands in this BOM""}",,no_separately_named_cad_row,,,,,A single installer USB device is stated; it is distinct from the display microSD and reused OS NVMe. | No new purchase or flashing permission is implied by the proposed item.
proposal_apu_cooler,APU cooler assembly,Custom AM4 conversion,hardware,1,piece,explicit_singular_owner_item,"{""exact_selected_cooler_revision"": null}",cad_f49a6b79ecc5: 1,related_cad_rows_require_role_and_spec_confirmation,,,,,"One modeled snowman_mc75-8_heatsink_v1 has seventy-nine exported bodies. Its name is source evidence only, not purchased-model confirmation. | Bundled fan and mounting parts require decomposition/role checks to avoid duplicate physical purchases; cooler fins/orientation and physical mounting are unvalidated."
